{"accuracy/top1": 90.47618865966797, "data_time": 3.912191867828369, "time": 4.629256963729858}